,,,,,,,,,,,,,,,,,,,,,,,,,,,,,,,,,,,,,,,,,,,,,,,,,,,,,,,,,,,,,,,,,,,,,,,,,,,,,,,,,,,,,,,,,,,,,,,,,,,,,,,
,,,,,,,,,,,,,,,,,,,,,,,,,,,,,,,,,,,,,,,,,,,,,,,,,,,,,,,,,,,,,,,,,,,,,,,,,,,,,,,,,,,,,,,,,,,,,,,,,,,,,,,
,,,CFC,JCR,JSP,DMP,DSS,,,,CFC,JCR,JSP,DMP,DSS,,,,CFC,JCR,JSP,DMP,DSS,,,,CFC,JCR,JSP,DMP,DSS,,,,CFC,JCR,JSP,DMP,DSS,,,,CFC,JCR,JSP,DMP,DSS,,,,CFC,JCR,JSP,DMP,DSS,,,,CFC,JCR,JSP,DMP,DSS,,,,CFC,JCR,JSP,DMP,DSS,,,,CFC,JCR,JSP,DMP,DSS,,,,CFC,JCR,JSP,DMP,DSS,,,,CFC,JCR,JSP,DMP,DSS,,,,,,,,
,1-ene,"7,00",7,7,,,,,1-feb,"3,00",2,0,,,,,1-mar,"3,00",1,0,,,,,1-abr,"6,00",1,2,,,,,1-may,"1,00",7,2,,,,,1-jun,"4,00",4,3,,,,,1-jul,"6,00",5,4,,,,,1-ago,"2,00",4,7,,,,,1-sept,"5,00",0,0,,,,,1-oct,"7,00",5,4,,,,,1-nov,"3,00",5,11,3,,,,1-dic,"5,00",3,9,2,2,,,,,,,,,
,2-ene,"1,00",7,0,,,,,2-feb,"4,00",1,0,,,,,2-mar,"4,00",2,0,,,,,2-abr,"7,00",13,12,,,,,2-may,"2,00",1,0,,,,,2-jun,"5,00",6,0,,,,,2-jul,"7,00",10,15,,,,,2-ago,"3,00",8,6,,,,,2-sept,"6,00",0,0,,,,,2-oct,"1,00",1,0,,,,,2-nov,"4,00",0,0,2,,,,2-dic,"6,00",4,2,4,6,,,,,,,,,
,3-ene,"2,00",2,2,,,,,3-feb,"5,00",3,0,,,,,3-mar,"5,00",3,0,,,,,3-abr,"1,00",2,0,,,,,3-may,"3,00",6,0,,,,,3-jun,"6,00",8,3,,,,,3-jul,"1,00",6,3,,,,,3-ago,"4,00",6,5,,,,,3-sept,"7,00",0,10,,,,,3-oct,"2,00",0,0,,,,,3-nov,"5,00",0,1,1,,,,3-dic,"7,00",4,3,4,1,,,,,,,,,
,4-ene,"3,00",13,14,,,,,4-feb,"6,00",7,8,,,,,4-mar,"6,00",5,4,,,,,4-abr,"2,00",3,0,,,,,4-may,"4,00",5,0,,,,,4-jun,"7,00",7,4,,,,,4-jul,"2,00",6,2,,,,,4-ago,"5,00",8,3,,,,,4-sept,"1,00",6,2,,,,,4-oct,"3,00",0,0,,,,,4-nov,"6,00",3,7,3,,,,4-dic,"1,00",5,2,2,4,,,,,,,,,
,5-ene,"4,00",3,2,,,,,5-feb,"7,00",9,6,,,,,5-mar,"7,00",6,0,,,,,5-abr,"3,00",2,2,,,,,5-may,"5,00",4,0,,,,,5-jun,"1,00",3,2,,,,,5-jul,"3,00",3,0,,,,,5-ago,"6,00",7,2,,,,,5-sept,"2,00",0,0,,,,,5-oct,"4,00",0,0,,,,,5-nov,"7,00",7,3,1,,,,5-dic,"2,00",6,1,1,4,,,,,,,,,
,6-ene,"5,00",7,4,,,,,6-feb,"1,00",3,2,,,,,6-mar,"1,00",4,4,,,,,6-abr,"4,00",6,6,,,,,6-may,"6,00",3,0,,,,,6-jun,"2,00",1,0,,,,,6-jul,"4,00",11,1,,,,,6-ago,"7,00",8,2,,,,,6-sept,"3,00",3,0,,,,,6-oct,"5,00",0,0,,,,,6-nov,"1,00",2,0,2,,,,6-dic,"3,00",4,0,5,7,,,,,,,,,
,7-ene,"6,00",3,0,,,,,7-feb,"2,00",3,0,,,,,7-mar,"2,00",2,1,,,,,7-abr,"5,00",3,1,,,,,7-may,"7,00",11,0,,,,,7-jun,"3,00",3,9,,,,,7-jul,"5,00",3,0,,,,,7-ago,"1,00",11,1,,,,,7-sept,"4,00",4,4,,,,,7-oct,"6,00",1,4,,,,,7-nov,"2,00",1,4,1,,,,7-dic,"4,00",6,0,3,2,,,,,,,,,
,8-ene,"7,00",7,7,,,,,8-feb,"3,00",8,0,,,,,8-mar,"3,00",3,1,,,,,8-abr,"6,00",3,0,,,,,8-may,"1,00",6,8,,,,,8-jun,"4,00",3,7,,,,,8-jul,"6,00",7,8,,,,,8-ago,"2,00",12,3,,,,,8-sept,"5,00",1,6,,,,,8-oct,"7,00",6,3,,,,,8-nov,"3,00",2,0,1,,,,8-dic,"5,00",3,0,2,1,,,,,,,,,
,9-ene,"1,00",4,6,,,,,9-feb,"4,00",6,0,,,,,9-mar,"4,00",5,6,,,,,9-abr,"7,00",7,0,,,,,9-may,"2,00",3,10,,,,,9-jun,"5,00",2,7,,,,,9-jul,"7,00",8,1,,,,,9-ago,"3,00",5,5,,,,,9-sept,"6,00",3,0,,,,,9-oct,"1,00",7,0,,,,,9-nov,"4,00",5,2,4,,,,9-dic,"6,00",3,0,3,3,,,,,,,,,
,10-ene,"2,00",2,3,,,,,10-feb,"5,00",7,0,,,,,10-mar,"5,00",2,0,,,,,10-abr,"1,00",8,0,,,,,10-may,"3,00",9,6,,,,,10-jun,"6,00",6,2,,,,,10-jul,"1,00",7,3,,,,,10-ago,"4,00",11,4,,,,,10-sept,"7,00",11,11,,,,,10-oct,"2,00",0,0,,,,,10-nov,"5,00",0,7,0,,,,10-dic,"7,00",2,12,2,4,,,,,,,,,
,11-ene,"3,00",2,1,,,,,11-feb,"6,00",8,4,,,,,11-mar,"6,00",4,2,,,,,11-abr,"2,00",3,0,,,,,11-may,"4,00",0,4,,,,,11-jun,"7,00",14,0,,,,,11-jul,"2,00",3,0,,,,,11-ago,"5,00",7,0,,,,,11-sept,"1,00",9,2,,,,,11-oct,"3,00",0,0,,,,,11-nov,"6,00",2,3,1,,,,11-dic,"1,00",8,0,0,4,,,,,,,,,
,12-ene,"4,00",1,8,,,,,12-feb,"7,00",4,5,,,,,12-mar,"7,00",9,9,,,,,12-abr,"3,00",5,4,,,,,12-may,"5,00",12,14,,,,,12-jun,"1,00",6,3,,,,,12-jul,"3,00",5,5,,,,,12-ago,"6,00",8,4,,,,,12-sept,"2,00",0,0,,,,,12-oct,"4,00",3,6,,,,,12-nov,"7,00",6,4,3,,,,12-dic,"2,00",0,0,0,0,,,,,,,,,
,13-ene,"5,00",3,4,,,,,13-feb,"1,00",4,3,,,,,13-mar,"1,00",6,1,,,,,13-abr,"4,00",8,2,,,,,13-may,"6,00",9,2,,,,,13-jun,"2,00",4,2,,,,,13-jul,"4,00",7,5,,,,,13-ago,"7,00",7,3,,,,,13-sept,"3,00",0,0,,,,,13-oct,"5,00",0,0,,,,,13-nov,"1,00",4,6,2,,,,13-dic,"3,00",0,0,2,7,,,,,,,,,
,14-ene,"6,00",2,7,,,,,14-feb,"2,00",2,0,,,,,14-mar,"2,00",2,2,,,,,14-abr,"5,00",3,0,,,,,14-may,"7,00",2,0,,,,,14-jun,"3,00",4,0,,,,,14-jul,"5,00",4,3,,,,,14-ago,"1,00",9,0,,,,,14-sept,"4,00",0,0,,,,,14-oct,"6,00",0,0,,,,,14-nov,"2,00",0,0,0,,,,14-dic,"4,00",4,7,1,1,,,,,,,,,
,15-ene,"7,00",7,4,,,,,15-feb,"3,00",6,4,,,,,15-mar,"3,00",2,0,,,,,15-abr,"6,00",8,1,,,,,15-may,"1,00",11,4,,,,,15-jun,"4,00",0,0,,,,,15-jul,"6,00",7,3,,,,,15-ago,"2,00",5,2,,,,,15-sept,"5,00",4,0,,,,,15-oct,"7,00",4,1,,,,,15-nov,"3,00",0,0,0,,,,15-dic,"5,00",0,0,1,0,,,,,,,,,
,16-ene,"1,00",8,2,,,,,16-feb,"4,00",4,0,,,,,16-mar,"4,00",3,2,,,,,16-abr,"7,00",7,2,,,,,16-may,"2,00",0,0,,,,,16-jun,"5,00",15,0,,,,,16-jul,"7,00",17,18,,,,,16-ago,"3,00",8,0,,,,,16-sept,"6,00",0,5,,,,,16-oct,"1,00",7,8,,,,,16-nov,"4,00",6,0,3,,,,16-dic,"6,00",5,7,3,8,,,,,Days so far,365,,,
,17-ene,"2,00",0,1,,,,,17-feb,"5,00",2,4,,,,,17-mar,"5,00",4,0,,,,,17-abr,"1,00",3,3,,,,,17-may,"3,00",3,4,,,,,17-jun,"6,00",11,3,,,,,17-jul,"1,00",13,2,,,,,17-ago,"4,00",3,0,,,,,17-sept,"7,00",7,13,,,,,17-oct,"2,00",0,0,,,,,17-nov,"5,00",8,4,1,,,,17-dic,"7,00",7,3,1,5,,,,,,,,,
,18-ene,"3,00",0,0,,,,,18-feb,"6,00",3,1,,,,,18-mar,"6,00",8,13,,,,,18-abr,"2,00",6,5,,,,,18-may,"4,00",4,2,,,,,18-jun,"7,00",13,6,,,,,18-jul,"2,00",2,2,,,,,18-ago,"5,00",8,0,,,,,18-sept,"1,00",3,3,,,,,18-oct,"3,00",3,0,,,,,18-nov,"6,00",10,6,1,,,,18-dic,"1,00",0,5,2,2,,,,,,,,,
,19-ene,"4,00",2,0,,,,,19-feb,"7,00",8,5,,,,,19-mar,"7,00",9,0,,,,,19-abr,"3,00",0,0,,,,,19-may,"5,00",3,5,,,,,19-jun,"1,00",0,4,,,,,19-jul,"3,00",3,3,,,,,19-ago,"6,00",12,2,,,,,19-sept,"2,00",0,0,,,,,19-oct,"4,00",0,0,,,,,19-nov,"7,00",5,4,3,11,,,19-dic,"2,00",0,0,0,0,,,,,,,,,
,20-ene,"5,00",2,3,,,,,20-feb,"1,00",6,0,,,,,20-mar,"1,00",11,2,,,,,20-abr,"4,00",2,0,,,,,20-may,"6,00",16,2,,,,,20-jun,"2,00",2,0,,,,,20-jul,"4,00",7,0,,,,,20-ago,"7,00",10,4,,,,,20-sept,"3,00",0,0,,,,,20-oct,"5,00",0,0,,,,,20-nov,"1,00",5,1,3,4,,,20-dic,"3,00",0,0,0,0,,,,,,,,,
,21-ene,"6,00",5,0,,,,,21-feb,"2,00",2,0,,,,,21-mar,"2,00",4,0,,,,,21-abr,"5,00",3,0,,,,,21-may,"7,00",8,0,,,,,21-jun,"3,00",1,0,,,,,21-jul,"5,00",3,2,,,,,21-ago,"1,00",7,6,,,,,21-sept,"4,00",0,0,,,,,21-oct,"6,00",2,2,,,,,21-nov,"2,00",0,1,2,0,,,21-dic,"4,00",0,3,4,3,,,,,,,,,
,22-ene,"7,00",6,3,,,,,22-feb,"3,00",2,0,,,,,22-mar,"3,00",3,0,,,,,22-abr,"6,00",4,0,,,,,22-may,"1,00",1,0,,,,,22-jun,"4,00",2,0,,,,,22-jul,"6,00",8,0,,,,,22-ago,"2,00",5,0,,,,,22-sept,"5,00",1,4,,,,,22-oct,"7,00",6,0,,,,,22-nov,"3,00",0,3,0,5,,,22-dic,"5,00",0,0,0,0,,,,,1000,600,350,500,500
,23-ene,"1,00",5,0,,,,,23-feb,"4,00",2,0,,,,,23-mar,"4,00",2,0,,,,,23-abr,"7,00",7,0,,,,,23-may,"2,00",3,0,,,,,23-jun,"5,00",4,7,,,,,23-jul,"7,00",19,5,,,,,23-ago,"3,00",7,0,,,,,23-sept,"6,00",8,4,,,,,23-oct,"1,00",2,0,,,,,23-nov,"4,00",6,4,6,4,,,23-dic,"6,00",6,3,1,4,,,,,11/08/2025,20/08/2025,4/10/2027,10/07/2028,#DIV/0!
,24-ene,"2,00",2,0,,,,,24-feb,"5,00",2,0,,,,,24-mar,"5,00",5,3,,,,,24-abr,"1,00",5,5,,,,,24-may,"3,00",3,4,,,,,24-jun,"6,00",5,5,,,,,24-jul,"1,00",2,0,,,,,24-ago,"4,00",9,0,,,,,24-sept,"7,00",13,6,,,,,24-oct,"2,00",0,0,,,,,24-nov,"5,00",0,3,1,7,,,24-dic,"7,00",5,7,4,6,,,,,1500,750,500,750,750
,25-ene,"3,00",2,1,,,,,25-feb,"6,00",0,2,,,,,25-mar,"6,00",6,5,,,,,25-abr,"2,00",0,0,,,,,25-may,"4,00",5,0,,,,,25-jun,"7,00",18,13,,,,,25-jul,"2,00",1,4,,,,,25-ago,"5,00",7,0,,,,,25-sept,"1,00",9,10,,,,,25-oct,"3,00",0,0,,,,,25-nov,"6,00",2,4,3,3,,,25-dic,"1,00",3,6,1,3,,,,,30/11/2025,16/10/2025,5/12/2028,12/4/2030,#DIV/0!
,26-ene,"4,00",0,0,,,,,26-feb,"7,00",1,3,,,,,26-mar,"7,00",8,0,,,,,26-abr,"3,00",5,0,,,,,26-may,"5,00",3,0,,,,,26-jun,"1,00",5,1,,,,,26-jul,"3,00",8,3,,,,,26-ago,"6,00",12,4,,,,,26-sept,"2,00",0,0,,,,,26-oct,"4,00",4,0,,,,,26-nov,"7,00",11,8,1,6,,,26-dic,"2,00",4,2,2,5,,,,,2000,1000,650,1000,1000
,27-ene,"5,00",2,0,,,,,27-feb,"1,00",5,1,,,,,27-mar,"1,00",1,0,,,,,27-abr,"4,00",2,5,,,,,27-may,"6,00",3,7,,,,,27-jun,"2,00",2,0,,,,,27-jul,"4,00",10,7,,,,,27-ago,"7,00",16,1,,,,,27-sept,"3,00",5,4,,,,,27-oct,"5,00",0,9,,,,,27-nov,"1,00",6,5,6,0,,,27-dic,"3,00",3,2,0,2,,,,,20/3/2026,20/1/2026,7/2/2030,13/1/2032,#DIV/0!
,28-ene,"6,00",8,6,,,,,28-feb,"2,00",4,0,,,,,28-mar,"2,00",3,4,,,,,28-abr,"5,00",3,0,,,,,28-may,"7,00",15,12,,,,,28-jun,"3,00",3,0,,,,,28-jul,"5,00",6,6,,,,,28-ago,"1,00",8,4,,,,,28-sept,"4,00",0,0,,,,,28-oct,"6,00",4,5,,,,,28-nov,"2,00",0,0,0,0,,,28-dic,"4,00",2,0,2,1,,,,,,,,,
,29-ene,"7,00",14,1,,,,,,,,,,,,,29-mar,"3,00",3,0,,,,,29-abr,"6,00",9,0,,,,,29-may,"1,00",3,0,,,,,29-jun,"4,00",2,0,,,,,29-jul,"6,00",10,6,,,,,29-ago,"2,00",1,0,,,,,29-sept,"5,00",4,3,,,,,29-oct,"7,00",7,9,,,,,29-nov,"3,00",0,0,0,0,,,29-dic,"5,00",0,7,3,3,,,,,CFC,JCR,JSP,DMP,DSS
,30-ene,"1,00",9,5,,,,,,,,,,,,,30-mar,"4,00",3,1,,,,,30-abr,"7,00",12,0,,,,,30-may,"2,00",2,0,,,,,30-jun,"5,00",4,1,,,,,30-jul,"7,00",8,2,,,,,30-ago,"3,00",0,3,,,,,30-sept,"6,00",0,4,,,,,30-oct,"1,00",4,4,,,,,30-nov,"4,00",0,0,0,0,,,30-dic,"6,00",3,4,6,3,,,Total,2.868,1649,952,126,141,0
,31-ene,"2,00",1,5,,,,,,,,,,,,,31-mar,"5,00",7,6,,,,,,,,,,,,,31-may,"3,00",3,4,,,,,,,,,,,,,31-jul,"1,00",8,8,,,,,31-ago,"4,00",0,0,,,,,,,,,,,,,31-oct,"2,00",5,4,,,,,,7,,,,,,,31-dic,"7,00",4,2,11,10,,,Media,"7,86","4,52","2,61","0,35","0,39",0
,Total,,136,96,0,0,0,,Total,,114,48,0,0,0,,Total,,136,66,0,0,0,,Total,,143,50,0,0,0,,Total,,164,90,0,0,0,,Total,,158,82,0,0,0,,Total,,217,121,0,0,0,,Total,,229,71,0,0,0,,Total,,91,91,0,0,0,,Total,,71,59,0,0,0,,Total,,96,91,54,40,0,,Total,,94,87,72,101,0,,,,"57,50%","33,19%","4,39%","4,92%","0,00%"
,Media,,"4,39","3,1",0,0,0,,Media,,"3,93","1,66",0,0,0,,Media,,"4,39","2,13",0,0,0,,Media,,"4,77","1,67",0,0,0,,Media,,"5,29","2,9",0,0,0,,Media,,"5,27","2,73",0,0,0,,Media,,7,"3,9",0,0,0,,Media,,"7,39","2,29",0,0,0,,Media,,"3,03","3,03",0,0,0,,Media,,"2,29","1,9",0,0,0,,Media,,"3,1","2,94","1,74","1,29",0,,Media,,"3,03","2,81","2,32","3,26",0,,Progresión,,"1649,8","952,65","127,75","142,35",0
,,,,,,,,,,,,,,,,,,,,,,,,,,,,,,,,,,,,,,,,,,,,,,,,,,,,,,,,,,,,,,,,,,,,,,,,,,,,,,,,,,,,,,,,,,,,,,,,,,,,,,,
,Lunes,,7,11,0,0,0,,Lunes,,11,0,0,0,0,,Lunes,,11,7,0,0,0,,Lunes,,12,5,0,0,0,,Lunes,,9,10,0,0,0,,Lunes,,9,2,0,0,0,,Lunes,,12,8,0,0,0,,Lunes,,27,12,0,0,0,,Lunes,,0,0,0,0,0,,Lunes,,5,4,0,0,0,,Lunes,,1,5,3,0,0,,Lunes,,10,3,3,9,0,,Lunes,196,114,67,6,9,0
,Ø Lunes,,"1,4","2,2",0,0,0,,Ø Lunes,,"2,75",0,0,0,0,,Ø Lunes,,"2,75","1,75",0,0,0,,Ø Lunes,,3,"1,25",0,0,0,,Ø Lunes,,"1,8",2,0,0,0,,Ø Lunes,,"2,25","0,5",0,0,0,,Ø Lunes,,3,2,0,0,0,,Ø Lunes,,"5,4","2,4",0,0,0,,Ø Lunes,,0,0,0,0,0,,Ø Lunes,,1,"0,8",0,0,0,,Ø Lunes,,"0,25","1,25","0,75",0,0,,Ø Lunes,,"2,5","0,75","0,75","2,25",0,,Ø Lunes,"376,00%","2,19","1,28","0,12","0,17","0,00"
,% Lunes,,"5,1%","11,5%",,,,,% Lunes,,"9,6%","0,0%",,,,,% Lunes,,"8,1%","10,6%",,,,,% Lunes,,"8,4%","10,0%",,,,,% Lunes,,"5,5%","11,1%",,,,,% Lunes,,"5,7%","2,4%",,,,,% Lunes,,"5,5%","6,6%",,,,,% Lunes,,"11,8%","16,9%",,,,,% Lunes,,"0,0%","0,0%",,,,,% Lunes,,"7,0%","6,8%",,,,,% Lunes,,"1,0%","5,5%","5,6%","0,0%",,,% Lunes,,"10,6%","3,4%","4,2%","8,9%",,,% Lunes,"6,8%","6,9%","7,0%","4,8%","6,4%",
,% liderazgo,,"63,6%","100,0%","0,0%","0,0%","0,0%",,% liderazgo,,"100,0%","0,0%","0,0%","0,0%","0,0%",,% liderazgo,,"61,1%","38,9%","0,0%","0,0%","0,0%",,% liderazgo,,"34,3%","14,3%","0,0%","0,0%","0,0%",,% liderazgo,,"25,7%","28,6%","0,0%","0,0%","0,0%",,% liderazgo,,"25,7%","5,7%","0,0%","0,0%","0,0%",,% liderazgo,,"34,3%","22,9%","0,0%","0,0%","0,0%",,% liderazgo,,"77,1%","34,3%","0,0%","0,0%","0,0%",,% liderazgo,,"0,0%","0,0%","0,0%","0,0%","0,0%",,% liderazgo,,"14,3%","11,4%","0,0%","0,0%","0,0%",,% liderazgo,,"2,9%","14,3%","8,6%","0,0%","0,0%",,% liderazgo,,"28,6%","8,6%","8,6%","25,7%","0,0%",,% liderazgo,"0,1%","0,1%","0,1%","0,1%","0,1%",
,Martes,,17,16,0,0,0,,Martes,,18,4,0,0,0,,Martes,,12,1,0,0,0,,Martes,,12,6,0,0,0,,Martes,,24,18,0,0,0,,Martes,,11,9,0,0,0,,Martes,,19,11,0,0,0,,Martes,,28,14,0,0,0,,Martes,,8,4,0,0,0,,Martes,,3,0,0,0,0,,Martes,,7,14,4,5,0,,Martes,,7,2,7,16,0,,Martes,297,166,99,11,21,0
,Ø Martes,,"4,25",4,0,0,0,,Ø Martes,,"4,5",1,0,0,0,,Ø Martes,,"2,4","0,2",0,0,0,,Ø Martes,,3,"1,5",0,0,0,,Ø Martes,,"4,8","3,6",0,0,0,,Ø Martes,,"2,75","2,25",0,0,0,,Ø Martes,,"4,75","2,75",0,0,0,,Ø Martes,,"5,6","2,8",0,0,0,,Ø Martes,,2,1,0,0,0,,Ø Martes,,"0,75",0,0,0,0,,Ø Martes,,"1,4","2,8","0,8",1,0,,Ø Martes,,"1,75","0,5","1,75",4,0,,Ø Martes,"570,00%","3,18","1,90","0,21","0,40","0,00"
,% Martes,,"12,5%","16,7%",,,,,% Martes,,"15,8%","8,3%",,,,,% Martes,,"8,8%","1,5%",,,,,% Martes,,"8,4%","12,0%",,,,,% Martes,,"14,6%","20,0%",,,,,% Martes,,"7,0%","11,0%",,,,,% Martes,,"8,8%","9,1%",,,,,% Martes,,"12,2%","19,7%",,,,,% Martes,,"8,8%","4,4%",,,,,% Martes,,"4,2%","0,0%",,,,,% Martes,,"7,3%","15,4%","7,4%","12,5%",,,% Martes,,"7,4%","2,3%","9,7%","15,8%",,,% Martes,"10,4%","10,1%","10,4%","8,7%","14,9%",
,% liderazgo,,"77,3%","72,7%","0,0%","0,0%","0,0%",,% liderazgo,,"81,8%","18,2%","0,0%","0,0%","0,0%",,% liderazgo,,"92,3%","7,7%","0,0%","0,0%","0,0%",,% liderazgo,,"38,7%","19,4%","0,0%","0,0%","0,0%",,% liderazgo,,"77,4%","58,1%","0,0%","0,0%","0,0%",,% liderazgo,,"35,5%","29,0%","0,0%","0,0%","0,0%",,% liderazgo,,"61,3%","35,5%","0,0%","0,0%","0,0%",,% liderazgo,,"90,3%","45,2%","0,0%","0,0%","0,0%",,% liderazgo,,"25,8%","12,9%","0,0%","0,0%","0,0%",,% liderazgo,,"9,7%","0,0%","0,0%","0,0%","0,0%",,% liderazgo,,"22,6%","45,2%","12,9%","16,1%","0,0%",,% liderazgo,,"22,6%","6,5%","22,6%","51,6%","0,0%",,% liderazgo,"0,2%","0,2%","0,2%","0,2%","0,3%",
,Miércoles,,6,10,0,0,0,,Miércoles,,13,0,0,0,0,,Miércoles,,15,9,0,0,0,,Miércoles,,18,13,0,0,0,,Miércoles,,14,6,0,0,0,,Miércoles,,11,10,0,0,0,,Miércoles,,35,13,0,0,0,,Miércoles,,29,9,0,0,0,,Miércoles,,4,4,0,0,0,,Miércoles,,7,6,0,0,0,,Miércoles,,17,6,15,4,0,,Miércoles,,12,10,10,7,0,,Miércoles,313,181,96,25,11,0
,Ø Miércoles,,"1,5","2,5",0,0,0,,Ø Miércoles,,"3,25",0,0,0,0,,Ø Miércoles,,3,"1,8",0,0,0,,Ø Miércoles,,"4,5","3,25",0,0,0,,Ø Miércoles,,"3,5","1,5",0,0,0,,Ø Miércoles,,"2,2",2,0,0,0,,Ø Miércoles,,"8,75","3,25",0,0,0,,Ø Miércoles,,"5,8","1,8",0,0,0,,Ø Miércoles,,1,1,0,0,0,,Ø Miércoles,,"1,75","1,5",0,0,0,,Ø Miércoles,,"3,4","1,2",3,"0,8",0,,Ø Miércoles,,3,"2,5","2,5","1,75",0,,Ø Miércoles,"600,00%","3,47","1,84","0,48","0,21","0,00"
,% Miercoles,,"4,4%","10,4%",,,,,% Miercoles,,"11,4%","0,0%",,,,,% Miercoles,,"11,0%","13,6%",,,,,% Miercoles,,"12,6%","26,0%",,,,,% Miercoles,,"8,5%","6,7%",,,,,% Miercoles,,"7,0%","12,2%",,,,,% Miercoles,,"16,1%","10,7%",,,,,% Miercoles,,"12,7%","12,7%",,,,,% Miercoles,,"4,4%","4,4%",,,,,% Miercoles,,"9,9%","10,2%",,,,,% Miercoles,,"17,7%","6,6%","27,8%","10,0%",,,% Miercoles,,"12,8%","11,5%","13,9%","6,9%",,,% Miercoles,"10,9%","11,0%","10,1%","19,8%","7,8%",
,% liderazgo,,"46,2%","76,9%","0,0%","0,0%","0,0%",,% liderazgo,,"100,0%","0,0%","0,0%","0,0%","0,0%",,% liderazgo,,"62,5%","37,5%","0,0%","0,0%","0,0%",,% liderazgo,,"32,7%","23,6%","0,0%","0,0%","0,0%",,% liderazgo,,"25,5%","10,9%","0,0%","0,0%","0,0%",,% liderazgo,,"20,0%","18,2%","0,0%","0,0%","0,0%",,% liderazgo,,"63,6%","23,6%","0,0%","0,0%","0,0%",,% liderazgo,,"52,7%","16,4%","0,0%","0,0%","0,0%",,% liderazgo,,"7,3%","7,3%","0,0%","0,0%","0,0%",,% liderazgo,,"12,7%","10,9%","0,0%","0,0%","0,0%",,% liderazgo,,"30,9%","10,9%","27,3%","7,3%","0,0%",,% liderazgo,,"21,8%","18,2%","18,2%","12,7%","0,0%",,% liderazgo,"0,2%","0,2%","0,2%","0,4%","0,1%",
,Jueves,,14,11,0,0,0,,Jueves,,14,4,0,0,0,,Jueves,,21,9,0,0,0,,Jueves,,12,1,0,0,0,,Jueves,,22,19,0,0,0,,Jueves,,31,15,0,0,0,,Jueves,,16,11,0,0,0,,Jueves,,30,3,0,0,0,,Jueves,,10,13,0,0,0,,Jueves,,0,9,0,0,0,,Jueves,,8,15,3,7,0,,Jueves,,6,16,8,6,0,,Jueves,334,184,126,11,13,0
,Ø Jueves,,"3,5","2,75",0,0,0,,Ø Jueves,,"3,5",1,0,0,0,,Ø Jueves,,"4,2","1,8",0,0,0,,Ø Jueves,,3,"0,25",0,0,0,,Ø Jueves,,"5,5","4,75",0,0,0,,Ø Jueves,,"6,2",3,0,0,0,,Ø Jueves,,4,"2,75",0,0,0,,Ø Jueves,,"7,5","0,75",0,0,0,,Ø Jueves,,2,"2,6",0,0,0,,Ø Jueves,,0,"2,25",0,0,0,,Ø Jueves,,2,"3,75","0,75","1,75",0,,Ø Jueves,,"1,2","3,2","1,6","1,2",0,,Ø Jueves,"641,00%","3,53","2,42","0,21","0,25","0,00"
,% Jueves,,"10,3%","11,5%",,,,,% Jueves,,"12,3%","8,3%",,,,,% Jueves,,"15,4%","13,6%",,,,,% Jueves,,"8,4%","2,0%",,,,,% Jueves,,"13,4%","21,1%",,,,,% Jueves,,"19,6%","18,3%",,,,,% Jueves,,"7,4%","9,1%",,,,,% Jueves,,"13,1%","4,2%",,,,,% Jueves,,"11,0%","14,3%",,,,,% Jueves,,"0,0%","15,3%",,,,,% Jueves,,"8,3%","16,5%","5,6%","17,5%",,,% Jueves,,"6,4%","18,4%","11,1%","5,9%",,,% Jueves,"11,6%","11,2%","13,2%","8,7%","9,2%",
,% liderazgo,,"77,8%","61,1%","0,0%","0,0%","0,0%",,% liderazgo,,"77,8%","22,2%","0,0%","0,0%","0,0%",,% liderazgo,,"70,0%","30,0%","0,0%","0,0%","0,0%",,% liderazgo,,"27,9%","2,3%","0,0%","0,0%","0,0%",,% liderazgo,,"51,2%","44,2%","0,0%","0,0%","0,0%",,% liderazgo,,"72,1%","34,9%","0,0%","0,0%","0,0%",,% liderazgo,,"37,2%","25,6%","0,0%","0,0%","0,0%",,% liderazgo,,"69,8%","7,0%","0,0%","0,0%","0,0%",,% liderazgo,,"23,3%","30,2%","0,0%","0,0%","0,0%",,% liderazgo,,"0,0%","20,9%","0,0%","0,0%","0,0%",,% liderazgo,,"18,6%","34,9%","7,0%","16,3%","0,0%",,% liderazgo,,"14,0%","37,2%","18,6%","14,0%","0,0%",,% liderazgo,"0,2%","0,2%","0,3%","0,2%","0,2%",
,Viernes,,18,13,0,0,0,,Viernes,,18,15,0,0,0,,Viernes,,23,24,0,0,0,,Viernes,,25,3,0,0,0,,Viernes,,31,11,0,0,0,,Viernes,,30,13,0,0,0,,Viernes,,37,21,0,0,0,,Viernes,,39,12,0,0,0,,Viernes,,11,13,0,0,0,,Viernes,,7,11,0,0,0,,Viernes,,17,20,8,3,0,,Viernes,,21,16,17,24,0,,Viernes,501,277,172,25,27,0
,Ø Viernes,,"4,5","3,25",0,0,0,,Ø Viernes,,"4,5","3,75",0,0,0,,Ø Viernes,,"5,75",6,0,0,0,,Ø Viernes,,5,"0,6",0,0,0,,Ø Viernes,,"7,75","2,75",0,0,0,,Ø Viernes,,"7,5","3,25",0,0,0,,Ø Viernes,,"7,4","4,2",0,0,0,,Ø Viernes,,"9,75",3,0,0,0,,Ø Viernes,,"2,2","2,6",0,0,0,,Ø Viernes,,"1,75","2,75",0,0,0,,Ø Viernes,,"4,25",5,2,"0,75",0,,Ø Viernes,,"4,2","3,2","3,4","4,8",0,,Ø Viernes,"9,61","5,31","3,3","0,48","0,52",0
,% Viernes,,"13,2%","13,5%",,,,,% Viernes,,"15,8%","31,3%",,,,,% Viernes,,"16,9%","36,4%",,,,,% Viernes,,"17,5%","6,0%",,,,,% Viernes,,"18,9%","12,2%",,,,,% Viernes,,"19,0%","15,9%",,,,,% Viernes,,"17,1%","17,4%",,,,,% Viernes,,"17,0%","16,9%",,,,,% Viernes,,"12,1%","14,3%",,,,,% Viernes,,"9,9%","18,6%",,,,,% Viernes,,"17,7%","22,0%","14,8%","7,5%",,,% Viernes,,"22,3%","18,4%","23,6%","23,8%",,,% Viernes,"17,5%","16,8%","18,1%","19,8%","19,1%",
,% liderazgo,,"54,5%","39,4%","0,0%","0,0%","0,0%",,% liderazgo,,"54,5%","45,5%","0,0%","0,0%","0,0%",,% liderazgo,,"48,9%","51,1%","0,0%","0,0%","0,0%",,% liderazgo,,"33,3%","4,0%","0,0%","0,0%","0,0%",,% liderazgo,,"41,3%","14,7%","0,0%","0,0%","0,0%",,% liderazgo,,"40,0%","17,3%","0,0%","0,0%","0,0%",,% liderazgo,,"49,3%","28,0%","0,0%","0,0%","0,0%",,% liderazgo,,"52,0%","16,0%","0,0%","0,0%","0,0%",,% liderazgo,,"14,7%","17,3%","0,0%","0,0%","0,0%",,% liderazgo,,"9,3%","14,7%","0,0%","0,0%","0,0%",,% liderazgo,,"22,7%","26,7%","10,7%","4,0%","0,0%",,% liderazgo,,"28,0%","21,3%","22,7%","32,0%","0,0%",,% liderazgo,"0,3%","0,3%","0,3%","0,4%","0,4%",
,Sábado,,41,22,0,0,0,,Sábado,,22,19,0,0,0,,Sábado,,32,9,0,0,0,,Sábado,,46,14,0,0,0,,Sábado,,36,12,0,0,0,,Sábado,,52,23,0,0,0,,Sábado,,62,41,0,0,0,,Sábado,,41,10,0,0,0,,Sábado,,31,40,0,0,0,,Sábado,,28,17,0,0,0,,Sábado,,29,19,8,17,0,,Sábado,,22,27,22,26,0,,Sábado,768,442,253,30,43,0
,Ø Sábado,,"8,2","4,4",0,0,0,,Ø Sábado,,"5,5","4,75",0,0,0,,Ø Sábado,,8,"2,25",0,0,0,,Ø Sábado,,"9,2","2,8",0,0,0,,Ø Sábado,,9,3,0,0,0,,Ø Sábado,,13,"5,75",0,0,0,,Ø Sábado,,"12,4","8,2",0,0,0,,Ø Sábado,,"10,25","2,5",0,0,0,,Ø Sábado,,"7,75",10,0,0,0,,Ø Sábado,,"5,6","3,4",0,0,0,,Ø Sábado,,"5,8","3,8","1,6","3,4",0,,Ø Sábado,,"4,4","5,4","4,4","5,2",0,,Ø Sábado,"14,73","8,48","4,85","0,58","0,82",0
,% Sábado,,"30,1%","22,9%",,,,,% Sábado,,"19,3%","39,6%",,,,,% Sábado,,"23,5%","13,6%",,,,,% Sábado,,"32,2%","28,0%",,,,,% Sábado,,"22,0%","13,3%",,,,,% Sábado,,"32,9%","28,0%",,,,,% Sábado,,"28,6%","33,9%",,,,,% Sábado,,"17,9%","14,1%",,,,,% Sábado,,"34,1%","44,0%",,,,,% Sábado,,"39,4%","28,8%",,,,,% Sábado,,"30,2%","20,9%","14,8%","42,5%",,,% Sábado,,"23,4%","31,0%","30,6%","25,7%",,,% Sábado,"26,8%","26,8%","26,6%","23,8%","30,5%",
,% liderazgo,,"100,0%","53,7%","0,0%","0,0%","0,0%",,% liderazgo,,"53,7%","46,3%","0,0%","0,0%","0,0%",,% liderazgo,,"78,0%","22,0%","0,0%","0,0%","0,0%",,% liderazgo,,"45,5%","13,9%","0,0%","0,0%","0,0%",,% liderazgo,,"35,6%","11,9%","0,0%","0,0%","0,0%",,% liderazgo,,"51,5%","22,8%","0,0%","0,0%","0,0%",,% liderazgo,,"61,4%","40,6%","0,0%","0,0%","0,0%",,% liderazgo,,"40,6%","9,9%","0,0%","0,0%","0,0%",,% liderazgo,,"30,7%","39,6%","0,0%","0,0%","0,0%",,% liderazgo,,"27,7%","16,8%","0,0%","0,0%","0,0%",,% liderazgo,,"28,7%","18,8%","7,9%","16,8%","0,0%",,% liderazgo,,"21,8%","26,7%","21,8%","25,7%","0,0%",,% liderazgo,"0,5%","0,5%","0,5%","0,5%","0,6%",
,Domingo,,33,13,0,0,0,,Domingo,,18,6,0,0,0,,Domingo,,22,7,0,0,0,,Domingo,,18,8,0,0,0,,Domingo,,28,14,0,0,0,,Domingo,,14,10,0,0,0,,Domingo,,36,16,0,0,0,,Domingo,,35,11,0,0,0,,Domingo,,27,17,0,0,0,,Domingo,,21,12,0,0,0,,Domingo,,17,12,13,4,0,,Domingo,,16,13,5,13,0,,Domingo,459,285,139,18,17,0
,Ø Domingo,,"6,6","2,6",0,0,0,,Ø Domingo,,"4,5","1,5",0,0,0,,Ø Domingo,,"5,5","1,75",0,0,0,,Ø Domingo,,"4,5",2,0,0,0,,Ø Domingo,,"5,6","2,8",0,0,0,,Ø Domingo,,"3,5","2,5",0,0,0,,Ø Domingo,,"7,2","3,2",0,0,0,,Ø Domingo,,"8,75","2,75",0,0,0,,Ø Domingo,,"6,75","4,25",0,0,0,,Ø Domingo,,"4,2","2,4",0,0,0,,Ø Domingo,,"4,25",3,"3,25",1,0,,Ø Domingo,,4,"3,25","1,25","3,25",0,,Ø Domingo,"8,8","5,47","2,67","0,35","0,33",0
,% Domingo,,"24,3%","13,5%",,,,,% Domingo,,"15,8%","12,5%",,,,,% Domingo,,"16,2%","10,6%",,,,,% Domingo,,"12,6%","16,0%",,,,,% Domingo,,"17,1%","15,6%",,,,,% Domingo,,"8,9%","12,2%",,,,,% Domingo,,"16,6%","13,2%",,,,,% Domingo,,"15,3%","15,5%",,,,,% Domingo,,"29,7%","18,7%",,,,,% Domingo,,"29,6%","20,3%",,,,,% Domingo,,"17,7%","13,2%","24,1%","10,0%",,,% Domingo,,"17,0%","14,9%","6,9%","12,9%",,,% Domingo,"16,0%","17,3%","14,6%","14,3%","12,1%",
,% liderazgo,,"137,5%","54,2%","0,0%","0,0%","0,0%",,% liderazgo,,"75,0%","25,0%","0,0%","0,0%","0,0%",,% liderazgo,,"75,9%","24,1%","0,0%","0,0%","0,0%",,% liderazgo,,"32,7%","14,5%","0,0%","0,0%","0,0%",,% liderazgo,,"50,9%","25,5%","0,0%","0,0%","0,0%",,% liderazgo,,"25,5%","18,2%","0,0%","0,0%","0,0%",,% liderazgo,,"65,5%","29,1%","0,0%","0,0%","0,0%",,% liderazgo,,"63,6%","20,0%","0,0%","0,0%","0,0%",,% liderazgo,,"49,1%","30,9%","0,0%","0,0%","0,0%",,% liderazgo,,"38,2%","21,8%","0,0%","0,0%","0,0%",,% liderazgo,,"30,9%","21,8%","23,6%","7,3%","0,0%",,% liderazgo,,"29,1%","23,6%","9,1%","23,6%","0,0%",,% liderazgo,"0,3%","0,3%","0,3%","0,3%","0,2%",
,,,,,,,,,,,,,,,,,,,,,,,,,,,,,,,,,,,,,,,,,,,,,,,,,,,,,,,,,,,,,,,,,,,,,,,,,,,,,,,,,,,,,,,,,,,,,,,,,,,,,,,
,,,136,96,0,0,0,232,,,114,48,0,0,0,162,,,136,66,0,0,0,202,,,143,50,0,0,0,193,,,164,90,0,0,0,254,,,158,82,0,0,0,240,,,217,121,0,0,0,338,,,229,71,0,0,0,300,,,91,91,0,0,0,182,,,71,59,0,0,0,130,,,96,91,54,40,0,281,,,94,87,72,101,0,,,2868,1649,952,126,141,0
,,,,,,,,,,,,,,,,,,,,,,,,,,,,,,,,,,,,,,,,,,,,,,,,,,,,,,,,,,,,,,,,,,,,,,,,,,,,,,,,,,,,,,,,,,,,,,,,,,,,,,,
,,,,,,,,,,,,,,,,,,,,,,,,,,,,,,,,,,,,,,,,,,,,,,,,,,,,,,,,,,,,,,,,,,,,,,,,,,,,,,,,,,,,,,,,,,,,,,,,,,,,,,,
,Mes,,CFC,JCR,JSP,DMP,DSS,TOTAL,,,,,,,,,,,,,,,,,,,,,,,,,,,,,,,,,,,,,,,,,,,,,,,,,,,,,,,,,,,,,,,,,,,,,,,,,,,,,,,,,,,,,,,,,,,,,,,
,Enero,,136,96,0,0,0,232,,,,,,,,,,,,,,,,,,,,,,,,,,,,,,,,,,,,,,,,,,,,,,,,,,,,,,,,,,,,,,,,,,,,,,,,,,,,,,,,,,,,,,,,,,,,,,,
,Febrero,,114,48,0,0,0,162,,,,,,,,,,,,,,,,,,,,,,,,,,,,,,,,,,,,,,,,,,,,,,,,,,,,,,,,,,,,,,,,,,,,,,,,,,,,,,,,,,,,,,,,,,,,,,,
,Marzo,,136,66,0,0,0,202,,,,,,,,,,,,,,,,,,,,,,,,,,,,,,,,,,,,,,,,,,,,,,,,,,,,,,,,,,,,,,,,,,,,,,,,,,,,,,,,,,,,,,,,,,,,,,,
,Abril,,143,50,0,0,0,193,,,,,,,,,,,,,,,,,,,,,,,,,,,,,,,,,,,,,,,,,,,,,,,,,,,,,,,,,,,,,,,,,,,,,,,,,,,,,,,,,,,,,,,,,,,,,,,
,Mayo,,164,90,0,0,0,254,,,,,,,,,,,,,,,,,,,,,,,,,,,,,,,,,,,,,,,,,,,,,,,,,,,,,,,,,,,,,,,,,,,,,,,,,,,,,,,,,,,,,,,,,,,,,,,
,Junio,,158,82,0,0,0,240,,,,,,,,,,,,,,,,,,,,,,,,,,,,,,,,,,,,,,,,,,,,,,,,,,,,,,,,,,,,,,,,,,,,,,,,,,,,,,,,,,,,,,,,,,,,,,,
,Julio,,217,121,0,0,0,338,,,,,,,,,,,,,,,,,,,,,,,,,,,,,,,,,,,,,,,,,,,,,,,,,,,,,,,,,,,,,,,,,,,,,,,,,,,,,,,,,,,,,,,,,,,,,,,
,Agosto,,229,71,0,0,0,300,,,,,,,,,,,,,,,,,,,,,,,,,,,,,,,,,,,,,,,,,,,,,,,,,,,,,,,,,,,,,,,,,,,,,,,,,,,,,,,,,,,,,,,,,,,,,,,
,Septiembre,,91,91,0,0,0,182,,,,,,,,,,,,,,,,,,,,,,,,,,,,,,,,,,,,,,,,,,,,,,,,,,,,,,,,,,,,,,,,,,,,,,,,,,,,,,,,,,,,,,,,,,,,,,,
,Octubre,,71,59,0,0,0,130,,,,,,,,,,,,,,,,,,,,,,,,,,,,,,,,,,,,,,,,,,,,,,,,,,,,,,,,,,,,,,,,,,,,,,,,,,,,,,,,,,,,,,,,,,,,,,,
,Noviembre,,96,91,54,40,0,281,,,,,,,,,,,,,,,,,,,,,,,,,,,,,,,,,,,,,,,,,,,,,,,,,,,,,,,,,,,,,,,,,,,,,,,,,,,,,,,,,,,,,,,,,,,,,,,
,Diciembre,,94,87,72,101,0,354,,,,,,,,,,,,,,,,,,,,,,,,,,,,,,,,,,,,,,,,,,,,,,,,,,,,,,,,,,,,,,,,,,,,,,,,,,,,,,,,,,,,,,,,,,,,,,,
,,,,,,,,,,,,,,,,,,,,,,,,,,,,,,,,,,,,,,,,,,,,,,,,,,,,,,,,,,,,,,,,,,,,,,,,,,,,,,,,,,,,,,,,,,,,,,,,,,,,,,,
,Mes,,CFC,JCR,JSP,DMP,DSS,TOTAL,,,,,,,,,,,,,,,,,,,,,,,,,,,,,,,,,,,,,,,,,,,,,,,,,,,,,,,,,,,,,,,,,,,,,,,,,,,,,,,,,,,,,,,,,,,,,,,
,Enero,,0%,14%,,,,2%,,,,,,,,,,,,,,,,,,,,,,,,,,,,,,,,,,,,,,,,,,,,,,,,,,,,,,,,,,,,,,,,,,,,,,,,,,,,,,,,,,,,,,,,,,,,,,,
,Febrero,,16%,43%,,,,31%,,,,,,,,,,,,,,,,,,,,,,,,,,,,,,,,,,,,,,,,,,,,,,,,,,,,,,,,,,,,,,,,,,,,,,,,,,,,,,,,,,,,,,,,,,,,,,,
,Marzo,,0%,22%,,,,14%,,,,,,,,,,,,,,,,,,,,,,,,,,,,,,,,,,,,,,,,,,,,,,,,,,,,,,,,,,,,,,,,,,,,,,,,,,,,,,,,,,,,,,,,,,,,,,,
,Abril,,5%,41%,,,,18%,,,,,,,,,,,,,,,,,,,,,,,,,,,,,,,,,,,,,,,,,,,,,,,,,,,,,,,,,,,,,,,,,,,,,,,,,,,,,,,,,,,,,,,,,,,,,,,
,Mayo,,21%,7%,,,,8%,,,,,,,,,,,,,,,,,,,,,,,,,,,,,,,,,,,,,,,,,,,,,,,,,,,,,,,,,,,,,,,,,,,,,,,,,,,,,,,,,,,,,,,,,,,,,,,
,Junio,,16%,3%,,,,2%,,,,,,,,,,,,,,,,,,,,,,,,,,,,,,,,,,,,,,,,,,,,,,,,,,,,,,,,,,,,,,,,,,,,,,,,,,,,,,,,,,,,,,,,,,,,,,,
,Julio,,60%,43%,,,,43%,,,,,,,,,,,,,,,,,,,,,,,,,,,,,,,,,,,,,,,,,,,,,,,,,,,,,,,,,,,,,,,,,,,,,,,,,,,,,,,,,,,,,,,,,,,,,,,
,Agosto,,68%,16%,,,,27%,,,,,,,,,,,,,,,,,,,,,,,,,,,,,,,,,,,,,,,,,,,,,,,,,,,,,,,,,,,,,,,,,,,,,,,,,,,,,,,,,,,,,,,,,,,,,,,
,Septiembre,,33%,8%,,,,23%,,,,,,,,,,,,,,,,,,,,,,,,,,,,,,,,,,,,,,,,,,,,,,,,,,,,,,,,,,,,,,,,,,,,,,,,,,,,,,,,,,,,,,,,,,,,,,,
,Octubre,,48%,30%,,,,45%,,,,,,,,,,,,,,,,,,,,,,,,,,,,,,,,,,,,,,,,,,,,,,,,,,,,,,,,,,,,,,,,,,,,,,,,,,,,,,,,,,,,,,,,,,,,,,,
,Noviembre,,29%,8%,,,,19%,,,,,,,,,,,,,,,,,,,,,,,,,,,,,,,,,,,,,,,,,,,,,,,,,,,,,,,,,,,,,,,,,,,,,,,,,,,,,,,,,,,,,,,,,,,,,,,
,Diciembre,,31%,3%,,,,50%,,,,,,,,,,,,,,,,,,,,,,,,,,,,,,,,,,,,,,,,,,,,,,,,,,,,,,,,,,,,,,,,,,,,,,,,,,,,,,,,,,,,,,,,,,,,,,,
,,,27%,20%,,,,24%,,,,,,,,,,,,,,,,,,,,,,,,,,,,,,,,,,,,,,,,,,,,,,,,,,,,,,,,,,,,,,,,,,,,,,,,,,,,,,,,,,,,,,,,,,,,,,,
,,, ,,,,,,,,,,,,,,,,,,,,,,,,,,,,,,,,,,,,,,,,,,,,,,,,,,,,,,,,,,,,,,,,,,,,,,,,,,,,,,,,,,,,,,,,,,,,,,,,,,,,